{
  "created_at": "2025-07-12T13:11:53.724624",
  "rows": 1000,
  "columns": 4,
  "size_mb": 0.07134151458740234,
  "filtered_from": "407aa643_20250712_131153",
  "min_trust_score": 0.7,
  "filtering_method": "fallback_trust_scoring",
  "original_rows": 1000,
  "filtered_rows": 1000,
  "retention_rate": 1.0
}