{
  "dataset_profiler": {
    "tests_passed": 0,
    "tests_failed": 5,
    "performance": [],
    "quality_scores": []
  },
  "pii_detector": {
    "tests_passed": 5,
    "tests_failed": 0,
    "performance": [
      0.021218061447143555,
      0.0,
      0.0,
      0.0,
      0.0
    ],
    "pii_scores": [
      0.6,
      0.6,
      0.7758928571428569,
      0.6,
      0.6
    ],
    "avg_processing_time": 0.004243612289428711,
    "avg_pii_score": 0.6351785714285714
  },
  "trust_scorer": {
    "tests_passed": 5,
    "tests_failed": 0,
    "performance": [
      0.0053060054779052734,
      0.006835222244262695,
      0.0,
      0.0,
      0.0
    ],
    "trust_scores": [
      0.5177647058823529,
      0.7294117647058823,
      0.5206274509803922,
      0.39117647058823535,
      0.7
    ],
    "avg_processing_time": 0.0024282455444335936,
    "avg_trust_score": 0.5717960784313726
  },
  "expert_ensemble": {
    "tests_passed": 0,
    "tests_failed": 5,
    "performance": [],
    "verification_scores": []
  },
  "intelligent_router": {
    "tests_passed": 0,
    "tests_failed": 5,
    "performance": [],
    "routing_success": []
  },
  "overall": {
    "total_tests": 25,
    "total_passed": 10,
    "total_failed": 15,
    "success_rate": 40.0,
    "total_testing_time": 0.16946172714233398
  }
}