{
  "created_at": "2025-07-12T08:49:42.920220",
  "rows": 1000,
  "columns": 5,
  "size_mb": 0.05986785888671875
}