{
  "created_at": "2025-07-12T13:11:53.744990",
  "rows": 1000,
  "columns": 4,
  "size_mb": 0.06600475311279297
}