{
  "created_at": "2025-07-12T05:46:37.358649",
  "rows": 607,
  "columns": 12,
  "size_mb": 0.03583717346191406
}