{
  "created_at": "2025-07-12T10:04:20.820638",
  "rows": 1000,
  "columns": 4,
  "size_mb": 0.07472896575927734
}