{
  "created_at": "2025-07-12T09:03:17.138229",
  "rows": 1000,
  "columns": 5,
  "size_mb": 0.058920860290527344
}