{
  "created_at": "2025-07-12T09:59:37.967816",
  "rows": 1000,
  "columns": 4,
  "size_mb": 0.0759286880493164
}