{
  "created_at": "2025-07-12T13:11:54.383238",
  "rows": 1000,
  "columns": 4,
  "size_mb": 0.07472896575927734
}