{
  "created_at": "2025-07-12T13:11:53.107727",
  "rows": 1000,
  "columns": 4,
  "size_mb": 0.0758829116821289
}