{
  "created_at": "2025-07-12T10:04:18.137560",
  "rows": 1000,
  "columns": 4,
  "size_mb": 0.0758829116821289
}