{
  "created_at": "2025-07-12T06:49:03.547897",
  "rows": 11,
  "columns": 2,
  "size_mb": 0.0004425048828125
}