{
  "created_at": "2025-07-12T13:11:53.429348",
  "rows": 1000,
  "columns": 4,
  "size_mb": 0.07258319854736328
}