{
  "created_at": "2025-07-12T09:07:51.893074",
  "rows": 1000,
  "columns": 5,
  "size_mb": 0.058920860290527344
}