{
  "created_at": "2025-07-12T09:57:28.249777",
  "rows": 1000,
  "columns": 4,
  "size_mb": 0.07472896575927734
}