{
  "created_at": "2025-07-12T08:49:43.037740",
  "rows": 1000,
  "columns": 5,
  "size_mb": 0.05892658233642578
}