{
  "created_at": "2025-07-12T09:57:28.142106",
  "rows": 1000,
  "columns": 4,
  "size_mb": 0.06600475311279297
}