{
  "created_at": "2025-07-12T09:47:57.771480",
  "rows": 1000,
  "columns": 4,
  "size_mb": 0.0759286880493164
}