{
  "created_at": "2025-07-12T10:04:18.675843",
  "rows": 1000,
  "columns": 4,
  "size_mb": 0.07457256317138672,
  "filtered_from": "dfe79c9b_20250712_100418",
  "min_trust_score": 0.7,
  "filtering_method": "fallback_trust_scoring",
  "original_rows": 1000,
  "filtered_rows": 1000,
  "retention_rate": 1.0
}