{
  "created_at": "2025-07-12T10:04:18.702424",
  "rows": 1000,
  "columns": 4,
  "size_mb": 0.07258319854736328
}