{
  "created_at": "2025-07-12T09:57:28.027556",
  "rows": 1000,
  "columns": 4,
  "size_mb": 0.0758829116821289
}