{
  "created_at": "2025-07-12T13:11:54.079230",
  "rows": 1000,
  "columns": 4,
  "size_mb": 0.0759286880493164
}